Bilbao - Alameda de Mazarredo 5,26,Bilbao
Pozuelo de Alarcón - Francia 9,78,Pozuelo
Valencia - Plaza España 5,9,Valencia plaza españa
Alicante - Avda. Aguilera 4-6,1,Alicante - Aguilera
Murcia - Avda. de la Constitución 8,4,Murcia
Castellón - Plaza Independencia 7,5,Castellon
Mataró - Camí Ral 250,6,Mataró
Alicante - Avda. Alfonso X el sabio 9,7,Alicante - San Vicente
Málaga - Avda. Andalucia 11,8,Malaga - Av. Andalucía
Madrid - Alcalá 204,10,Madrid - Alcalá
Marbella - Avda. Ramón y Cajal 12,11,Marbella
Zaragoza - Paseo Sagasta 42,12,Zaragoza - Sagasta
Benidorm - Plaza de la hispanidad 4,13,Benidorm
Madrid - Velazquez 96,14,Madrid - Velázquez
Palma de Mallorca - Aragón 39,15,Palma Mallorca- Aragón
Valencia - Marqués del Turia 82,16,Valencia - GV Marqués Turia
Cartagena - José Lopez Martinez 1,17,Cartagena
Madrid - Santa Engracia 153,18,Madrid - Sta. Engracia
Barcelona - Avenida Diagonal 535,19,"Barcelona - Diagonal, 535"
Málaga - Paseo Reding 7,22,Malaga - Paseo Reding
Sevilla - Luis Montoto 107,23,Sevilla- L. Montoto
Barcelona - Mallorca 273,24,Barcelona - C. Mallorca
Granada - Pedro Antonio de Alarcón 25,25,Granada
Barcelona - Les Corts Catalanes 418,27,Barcelona - Les Corts
Pamplona - Plaza de la Libertad 3,28,Pamplona
Albacete - Dionisio Guardiola 34,29,Albacete
Girona - Gran Vía Jaume I 15,30,Girona
Getafe - Madrid 107,32,Getafe
Andorra - De la Creu 80,33,Andorra
Elche - Avda. Rei en Joan Carles I 71-73,34,Elche
Gandia - Passeig de les Germanies 52,35,Gandia
Tarragona - San Francesc 14,36,Tarragona
Madrid - Avenida Alberto Alcocer 29,38,Madrid - Alberto Alcocer
Córdoba - Avda. del Brillante,39,Córdoba
Almería - Concepción Arenal 13,40,Almeria
Terrassa - Rambla Egara 235,41,Terrassa
Tenerife - Ramón y Cajal 12,42,Tenerife
Barcelona - Avenida Diagonal 141,43,Barcelona - Poblenou
Hospitalet de Llobregat - Carrer Barcelona 76,45,Hospitalet
Cornellà de Llobregat - Joaquim Rubió i Ors 205,46,Cornella
Zaragoza - Hernan Cortés 10,47,Zaragoza - Hernan Cortés
Valencia - Valle de la Ballestera 46,48,Valencia - Vall Ballestera
Alcalá de Henares - Plaza de Rodríguez Marín 4,49,Alcala de Henares
Móstoles - Cervantes 20,50,Móstoles
Algeciras - Avda. Fuerzas Armadas 17,51,Algeciras
La Coruña - Juan Flórez 49,52,Coruña
Palma de Mallorca - Vía Alemania 13,53,Palma Mallorca- Alemania
Vilanova i la Geltrú - Rambla principal 67,54,Vilanova
Las Palmas - León y Castillo 282,55,Gran Canaria
Reus - Carrer del Roser 16,56,Reus
Torrevieja - Ramón Gallud 85,57,Torrevieja
Lleida - Magdalena 2,59,Lleida
Cáceres - Avenida Virgen de Guadalupe 6,60,Caceres
Granollers - Avinguda Prat de la Riba 55,63,Granollers
El Prat - Verge Montserrat 173,64,El Prat
,65,Madrid - La Gavia
Alcorcón - Calle de la Iglesia 15,66,Alcorcón
Alcobendas - Marqués de la Valdavia 107,67,Alcobendas
Madrid - C/ Marcelo Usera 43,68,Madrid - cc Plaza Rio II
Sevilla - Avda. Ramón Carande 9,69,Sevilla - Ramón Carande
Badalona - Plaza del Alcalde de Xifre 14,70,Badalona
Santa Coloma - Irlanda 72,71,Santa Coloma
Madrid -C.C. Xanadú,72,Madrid - Xanadu
Madrid - Villa de Marín 7,73,Madrid - V. del Marín
Badajoz - Zurbaran 27,74,Badajoz
Las Palmas - Calle Venegas 41,75,Las Palmas Venegas
,76,Sarria
Sabadell - Passeig Manresa 19-27,77,Sabadell
Valladolid - Juan de Juni 5,79,Valladolid
Esplugues - Mestre Joan Corrales 50,80,Esplugues de Llobregat
Torrente - Maestro Lorenzo Fuertes Julvez 12,81,Torrente
,82,Barcelona Monserda
Cádiz - Jesús de la Paz 1,83,Cadiz
,84,Jeréz
Manresa - Angel Guimera 31,85,Manresa
Ibiza - Avenida Sant Josep de Sa Talaia 16,86,Ibiza
"Alicante - Playa de San Juan: Avenida Goleta, 7",87,Alicante - Playa San Juan
Madrid - Zurbano 70,88,Madrid - Zurbano
El Ejido - Pedro Ponce 103,89,El Ejido
Cerdanyola - Avenida de Catalunya 18,91,Cerdanyola del Vallès
Leganés - Plaza de España 17,92,Leganés
Majadahonda - Mieses 3,93,Majadahonda
Ourense - Rua Concordia 12,94,Orense
Toledo - Avenida del Rio Boladiez S/N,95,Toledo
San Sebastián - San Martin 58,96,San Sebastián
Lorca - Floridablanca 3,97,Lorca
Murcia - Avenida Juan de Borbón 35-37,98,Murcia Juan de Borbón
Salamanca - Iscar Peyra 23,99,Salamanca
"Vigo - Avenida Garcia Barbon 7, Local 2",100,Vigo
Huelva - Vázquez López 44,101,Huelva
Gijón - C/ Trinidad 27,102,Gijón
Oviedo - Quintana 11,103,Oviedo
Tenerife - Avenida Antonio Domínguez 5,104,Tenerife - Sur
"Lanzarote - Avenida Manolo Millares, 111",105,Lanzarote
León - Fray de Luis 21,106,Leon
Guadalajara - Miguel Fluiters 16,107,Guadalajara
Fuenlabrada - Méjico 1,108,Fuenlabrada
Sevilla (Aljarafe) - Plaza de las Naciones 11,109,Aljarafe
Santiago de Compostela - República de El Salvador 28,110,Santiago de Compostela
"Lugo - Av. De A Coruña, 20",111,Lugo
Pontevedra - Rúa Castelao 5,112,Pontevedra
Ciudad real - Calle Alarcos 7,117,Ciudad Real
Barcelona - C/ Valencia 494,118,Barcelona Sagrada Familia
Madrid - Avenida Albufera 125,120,Madrid - Albufera
San cugat - C/ Francesc moragas 46,121,Sant Cugat
Merida - C/ Arzobispo Mausona 3,122,Mérida
"Santander - C/ Castilla, 7 Puerta Bajo",123,Santander
"Madrid Vallecas, Adolfo Bioy gigsares 3, Local 4",124,Madrid Vallecas
"Boadilla Del Monte (Madrid) - C/ Isabel I1, 26",127,Madrid Boadilla
Sevilla - Avenida De España 110 Dos Hermanas,128,Sevilla - Dos Hermanas
"Murcia - C/. Diario La Verdad Esq, Calle Estación Molina de Segura",133,Murcia - Molina PL
Tortosa - Carrer D'En Carbó 4,134,Tortosa
Tarragona - Tortosa - Carrer D'en Carbo 4,134,Tortosa
"Villalba - C/ Real, 31 Collado Villalba (Madrid)",135,Madrid - Villalba
Barcelona (Gavá) - Rambla Joaquim Vayreda 43,136,Gavà - PL
Barcelona (Rubi) - Avenida Barcelona N° 54,137,Rubí - PL
Barcelona (Premiá Del Mar) - Gran Vía Lluís Companys 102,138,Premià de Mar - PL
,139,SANT BOI
"Barcelona - Castelldefels - C/ Onze De Setembre, N° 21",140,CASTELLDEFELS
"Huesca -Calle Cabestany, 10",141,Huesca - PL
Rivas (Madrid) - Avenida De Levante 240,142,RIVAS
"Torrejon - Avda. Constitución, 52",143,Torrejón
,144,BILBAO-BARAKALDO
,145,VITORIA
"Parla - Calle Pinto, 85",146,Parla
"Denia (Alicante) - Carrer del temple de Sant Telm, 29",147,Denia - PL
"Sagunto - Avenida 9 De Octubre, 42",148,Puerto de Sagunto - PL
Illescas - C/ Real 57 Illescas (Toledo),150,Illescas - PL
Fuengirola - C/ Condes De San Isidro 96,151,Fuengirola - PL
Barcelona - Sant Andreu: Rbla. Fabra I Puig 29 31,152,Sant Andreu
Burgos - Avenida Del Cid 34,153,Burgos
Figueres - La Rambla 18,154,Figueres
,155,Viladecans
,156,Estepona
,157,Mollet
Blanes - Rambla Joaquím Ruyra 32,158,Blanes
,159,Alcantarilla
,160,Lisboa
,161,Platja dAro
,163,Tarragona Pza Imperial
,164,Granada 2